timeStamp,elapsed,label,responseCode,responseMessage,threadName,dataType,success,failureMessage,bytes,sentBytes,grpThreads,allThreads,URL,Latency,IdleTime,Connect
1539225642007,647,1 - Get all the users details,200,OK,Thread Group 1-1,text,true,,979,180,1,1,https://reqres.in/api/users?page=2,647,0,237
1539225642658,563,2 - Add a new user with job leader,201,Created,Thread Group 1-1,text,true,,623,212,1,1,https://reqres.in/api/users,563,0,157
1539225643222,583,3 - Get the second  user details,200,OK,Thread Group 1-1,text,true,,672,175,1,1,https://reqres.in/api/users/2,583,0,171
1539225643807,592,4 - Update the second user details with new job,200,OK,Thread Group 1-1,text,true,,614,219,1,1,https://reqres.in/api/users/2,592,0,189
1539225644401,591,1 - Get all the users details,200,OK,Thread Group 1-1,text,true,,979,180,1,1,https://reqres.in/api/users?page=2,591,0,171
1539225651985,592,2 - Add a new user with job leader,201,Created,Thread Group 1-2,text,true,,623,212,1,1,https://reqres.in/api/users,592,0,165
1539225652580,579,3 - Get the second  user details,200,OK,Thread Group 1-2,text,true,,672,175,1,1,https://reqres.in/api/users/2,579,0,169
1539225653162,602,4 - Update the second user details with new job,200,OK,Thread Group 1-2,text,true,,614,219,1,1,https://reqres.in/api/users/2,602,0,197
1539225653766,586,1 - Get all the users details,200,OK,Thread Group 1-2,text,true,,979,180,1,1,https://reqres.in/api/users?page=2,586,0,177
1539225654355,577,2 - Add a new user with job leader,201,Created,Thread Group 1-2,text,true,,623,212,1,1,https://reqres.in/api/users,577,0,171
1539225661985,595,3 - Get the second  user details,200,OK,Thread Group 1-3,text,true,,672,175,1,1,https://reqres.in/api/users/2,595,0,186
1539225662582,614,4 - Update the second user details with new job,200,OK,Thread Group 1-3,text,true,,614,219,1,1,https://reqres.in/api/users/2,614,0,187
1539225663198,636,1 - Get all the users details,200,OK,Thread Group 1-3,text,true,,979,180,1,1,https://reqres.in/api/users?page=2,636,0,200
1539225663842,627,2 - Add a new user with job leader,201,Created,Thread Group 1-3,text,true,,623,212,1,1,https://reqres.in/api/users,627,0,222
1539225664471,645,3 - Get the second  user details,200,OK,Thread Group 1-3,text,true,,672,175,1,1,https://reqres.in/api/users/2,645,0,192
1539225671983,599,4 - Update the second user details with new job,200,OK,Thread Group 1-4,text,true,,614,219,1,1,https://reqres.in/api/users/2,599,0,194
1539225672585,557,1 - Get all the users details,200,OK,Thread Group 1-4,text,true,,979,180,1,1,https://reqres.in/api/users?page=2,557,0,154
1539225673143,405,2 - Add a new user with job leader,201,Created,Thread Group 1-4,text,true,,623,212,1,1,https://reqres.in/api/users,405,0,177
1539225673550,703,3 - Get the second  user details,200,OK,Thread Group 1-4,text,true,,672,175,1,1,https://reqres.in/api/users/2,703,0,264
1539225674255,618,4 - Update the second user details with new job,200,OK,Thread Group 1-4,text,true,,614,219,1,1,https://reqres.in/api/users/2,618,0,180
1539225681983,437,1 - Get all the users details,200,OK,Thread Group 1-5,text,true,,979,180,1,1,https://reqres.in/api/users?page=2,437,0,202
1539225682422,581,2 - Add a new user with job leader,201,Created,Thread Group 1-5,text,true,,623,212,1,1,https://reqres.in/api/users,581,0,171
1539225683005,413,3 - Get the second  user details,200,OK,Thread Group 1-5,text,true,,672,175,1,1,https://reqres.in/api/users/2,413,0,176
1539225683423,594,4 - Update the second user details with new job,200,OK,Thread Group 1-5,text,true,,614,219,1,1,https://reqres.in/api/users/2,593,0,164
1539225684019,418,1 - Get all the users details,200,OK,Thread Group 1-5,text,true,,979,180,1,1,https://reqres.in/api/users?page=2,418,0,178
1539226082815,458,1 - Get all the users details,200,OK,Thread Group 1-1,text,true,,979,180,1,1,https://reqres.in/api/users?page=2,458,0,227
1539226083275,557,2 - Add a new user with job leader,201,Created,Thread Group 1-1,text,true,,623,212,1,1,https://reqres.in/api/users,557,0,156
1539226083833,595,3 - Get the second  user details,200,OK,Thread Group 1-1,text,true,,672,175,1,1,https://reqres.in/api/users/2,595,0,177
1539226084430,564,4 - Update the second user details with new job,200,OK,Thread Group 1-1,text,true,,614,219,1,1,https://reqres.in/api/users/2,564,0,160
1539226084997,569,1 - Get all the users details,200,OK,Thread Group 1-1,text,true,,979,180,1,1,https://reqres.in/api/users?page=2,569,0,166
1539226092806,613,2 - Add a new user with job leader,201,Created,Thread Group 1-2,text,true,,623,212,1,1,https://reqres.in/api/users,613,0,175
1539226093422,625,3 - Get the second  user details,200,OK,Thread Group 1-2,text,true,,672,175,1,1,https://reqres.in/api/users/2,625,0,219
1539226094050,596,4 - Update the second user details with new job,200,OK,Thread Group 1-2,text,true,,614,219,1,1,https://reqres.in/api/users/2,596,0,166
1539226094665,602,1 - Get all the users details,200,OK,Thread Group 1-2,text,true,,979,180,1,1,https://reqres.in/api/users?page=2,602,0,178
1539226095269,568,2 - Add a new user with job leader,201,Created,Thread Group 1-2,text,true,,622,212,1,1,https://reqres.in/api/users,568,0,162
1539226102761,579,3 - Get the second  user details,200,OK,Thread Group 1-3,text,true,,672,175,1,1,https://reqres.in/api/users/2,579,0,175
1539226103343,595,4 - Update the second user details with new job,200,OK,Thread Group 1-3,text,true,,614,219,1,1,https://reqres.in/api/users/2,595,0,192
1539226103941,568,1 - Get all the users details,200,OK,Thread Group 1-3,text,true,,979,180,1,1,https://reqres.in/api/users?page=2,568,0,164
1539226104511,417,2 - Add a new user with job leader,201,Created,Thread Group 1-3,text,true,,623,212,1,1,https://reqres.in/api/users,417,0,175
1539226104930,588,3 - Get the second  user details,200,OK,Thread Group 1-3,text,true,,672,175,1,1,https://reqres.in/api/users/2,588,0,178
1539226112782,389,4 - Update the second user details with new job,200,OK,Thread Group 1-4,text,true,,614,219,1,1,https://reqres.in/api/users/2,389,0,161
1539226113173,385,1 - Get all the users details,200,OK,Thread Group 1-4,text,true,,979,180,1,1,https://reqres.in/api/users?page=2,385,0,161
1539226113560,604,2 - Add a new user with job leader,201,Created,Thread Group 1-4,text,true,,623,212,1,1,https://reqres.in/api/users,604,0,184
1539226114165,598,3 - Get the second  user details,200,OK,Thread Group 1-4,text,true,,672,175,1,1,https://reqres.in/api/users/2,598,0,190
1539226114765,577,4 - Update the second user details with new job,200,OK,Thread Group 1-4,text,true,,614,219,1,1,https://reqres.in/api/users/2,577,0,169
1539226122799,616,1 - Get all the users details,200,OK,Thread Group 1-5,text,true,,979,180,1,1,https://reqres.in/api/users?page=2,616,0,204
1539226123419,421,2 - Add a new user with job leader,201,Created,Thread Group 1-5,text,true,,623,212,1,1,https://reqres.in/api/users,421,0,176
1539226123843,409,3 - Get the second  user details,200,OK,Thread Group 1-5,text,true,,672,175,1,1,https://reqres.in/api/users/2,409,0,175
1539226124253,407,4 - Update the second user details with new job,200,OK,Thread Group 1-5,text,true,,614,219,1,1,https://reqres.in/api/users/2,407,0,182
1539226124663,420,1 - Get all the users details,200,OK,Thread Group 1-5,text,true,,979,180,1,1,https://reqres.in/api/users?page=2,420,0,188
1539226667849,3372,1 - Get all the users details,200,OK,Thread Group 1-1,text,true,,979,180,1,1,https://reqres.in/api/users?page=2,3371,0,3120
1539226671241,669,2 - Add a new user with job leader,201,Created,Thread Group 1-1,text,true,,622,212,1,1,https://reqres.in/api/users,669,0,259
1539226671915,629,3 - Get the second  user details,200,OK,Thread Group 1-1,text,true,,672,175,1,1,https://reqres.in/api/users/2,629,0,216
1539226672549,588,4 - Update the second user details with new job,200,OK,Thread Group 1-1,text,true,,614,219,1,1,https://reqres.in/api/users/2,588,0,180
1539226673142,441,1 - Get all the users details,200,OK,Thread Group 1-1,text,true,,979,180,1,1,https://reqres.in/api/users?page=2,441,0,202
1539226677166,674,2 - Add a new user with job leader,201,Created,Thread Group 1-2,text,true,,623,212,1,1,https://reqres.in/api/users,674,0,234
1539226677844,586,3 - Get the second  user details,200,OK,Thread Group 1-2,text,true,,672,175,1,1,https://reqres.in/api/users/2,585,0,176
1539226678434,578,4 - Update the second user details with new job,200,OK,Thread Group 1-2,text,true,,614,219,1,1,https://reqres.in/api/users/2,578,0,172
1539226679018,589,1 - Get all the users details,200,OK,Thread Group 1-2,text,true,,979,180,1,1,https://reqres.in/api/users?page=2,589,0,179
1539226679611,578,2 - Add a new user with job leader,201,Created,Thread Group 1-2,text,true,,623,212,1,1,https://reqres.in/api/users,578,0,171
1539226687162,628,3 - Get the second  user details,200,OK,Thread Group 1-3,text,true,,672,175,1,1,https://reqres.in/api/users/2,628,0,220
1539226687794,588,4 - Update the second user details with new job,200,OK,Thread Group 1-3,text,true,,614,219,1,1,https://reqres.in/api/users/2,588,0,171
1539226688388,562,1 - Get all the users details,200,OK,Thread Group 1-3,text,true,,979,180,1,1,https://reqres.in/api/users?page=2,562,0,161
1539226688954,408,2 - Add a new user with job leader,201,Created,Thread Group 1-3,text,true,,623,212,1,1,https://reqres.in/api/users,408,0,169
1539226689369,581,3 - Get the second  user details,200,OK,Thread Group 1-3,text,true,,672,175,1,1,https://reqres.in/api/users/2,581,0,170
1539226697165,415,4 - Update the second user details with new job,200,OK,Thread Group 1-4,text,true,,614,219,1,1,https://reqres.in/api/users/2,415,0,185
1539226697585,631,1 - Get all the users details,200,OK,Thread Group 1-4,text,true,,979,180,1,1,https://reqres.in/api/users?page=2,631,0,196
1539226698232,607,2 - Add a new user with job leader,201,Created,Thread Group 1-4,text,true,,623,212,1,1,https://reqres.in/api/users,606,0,170
1539226698842,582,3 - Get the second  user details,200,OK,Thread Group 1-4,text,true,,672,175,1,1,https://reqres.in/api/users/2,582,0,175
1539226699428,568,4 - Update the second user details with new job,200,OK,Thread Group 1-4,text,true,,614,219,1,1,https://reqres.in/api/users/2,568,0,165
1539226707161,600,1 - Get all the users details,200,OK,Thread Group 1-5,text,true,,979,180,1,1,https://reqres.in/api/users?page=2,600,0,190
1539226707765,633,2 - Add a new user with job leader,201,Created,Thread Group 1-5,text,true,,623,212,1,1,https://reqres.in/api/users,633,0,174
1539226708402,599,3 - Get the second  user details,200,OK,Thread Group 1-5,text,true,,672,175,1,1,https://reqres.in/api/users/2,599,0,172
1539226709005,569,4 - Update the second user details with new job,200,OK,Thread Group 1-5,text,true,,614,219,1,1,https://reqres.in/api/users/2,569,0,167
1539226709578,601,1 - Get all the users details,200,OK,Thread Group 1-5,text,true,,979,180,1,1,https://reqres.in/api/users?page=2,601,0,187
1539227855045,4650,1 - Get all the users details,200,OK,Thread Group 1-1,text,true,,979,180,1,1,https://reqres.in/api/users?page=2,4650,0,4212
1539227859717,612,2 - Add a new user with job leader,201,Created,Thread Group 1-1,text,true,,623,212,1,1,https://reqres.in/api/users,612,0,203
1539227860333,613,3 - Get the second  user details,200,OK,Thread Group 1-1,text,true,,672,175,1,1,https://reqres.in/api/users/2,612,0,202
1539227860950,577,4 - Update the second user details with new job,200,OK,Thread Group 1-1,text,true,,614,219,1,1,https://reqres.in/api/users/2,577,0,170
1539227861532,600,1 - Get all the users details,200,OK,Thread Group 1-1,text,true,,979,180,1,1,https://reqres.in/api/users?page=2,600,0,166
1539227863900,417,2 - Add a new user with job leader,201,Created,Thread Group 1-2,text,true,,622,212,1,1,https://reqres.in/api/users,417,0,188
1539227864322,602,3 - Get the second  user details,200,OK,Thread Group 1-2,text,true,,672,175,1,1,https://reqres.in/api/users/2,602,0,184
1539227864929,627,4 - Update the second user details with new job,200,OK,Thread Group 1-2,text,true,,614,219,1,1,https://reqres.in/api/users/2,627,0,217
1539227865561,573,1 - Get all the users details,200,OK,Thread Group 1-2,text,true,,979,180,1,1,https://reqres.in/api/users?page=2,573,0,165
1539227866137,633,2 - Add a new user with job leader,201,Created,Thread Group 1-2,text,true,,623,212,1,1,https://reqres.in/api/users,633,0,187
1539227873867,598,3 - Get the second  user details,200,OK,Thread Group 1-3,text,true,,672,175,1,1,https://reqres.in/api/users/2,598,0,182
1539227874469,579,4 - Update the second user details with new job,200,OK,Thread Group 1-3,text,true,,614,219,1,1,https://reqres.in/api/users/2,579,0,174
1539227875058,609,1 - Get all the users details,200,OK,Thread Group 1-3,text,true,,979,180,1,1,https://reqres.in/api/users?page=2,608,0,203
1539227875671,598,2 - Add a new user with job leader,201,Created,Thread Group 1-3,text,true,,623,212,1,1,https://reqres.in/api/users,598,0,167
1539227876276,581,3 - Get the second  user details,200,OK,Thread Group 1-3,text,true,,672,175,1,1,https://reqres.in/api/users/2,580,0,176
1539227883886,598,4 - Update the second user details with new job,200,OK,Thread Group 1-4,text,true,,614,219,1,1,https://reqres.in/api/users/2,598,0,183
1539227884489,405,1 - Get all the users details,200,OK,Thread Group 1-4,text,true,,979,180,1,1,https://reqres.in/api/users?page=2,405,0,172
1539227884897,585,2 - Add a new user with job leader,201,Created,Thread Group 1-4,text,true,,622,212,1,1,https://reqres.in/api/users,585,0,171
1539227885485,604,3 - Get the second  user details,200,OK,Thread Group 1-4,text,true,,672,175,1,1,https://reqres.in/api/users/2,604,0,179
1539227886092,588,4 - Update the second user details with new job,200,OK,Thread Group 1-4,text,true,,614,219,1,1,https://reqres.in/api/users/2,587,0,172
1539227893877,596,1 - Get all the users details,200,OK,Thread Group 1-5,text,true,,979,180,1,1,https://reqres.in/api/users?page=2,596,0,310
1539227894476,726,2 - Add a new user with job leader,201,Created,Thread Group 1-5,text,true,,623,212,1,1,https://reqres.in/api/users,726,0,295
1539227895206,445,3 - Get the second  user details,200,OK,Thread Group 1-5,text,true,,672,175,1,1,https://reqres.in/api/users/2,445,0,193
1539227895655,610,4 - Update the second user details with new job,200,OK,Thread Group 1-5,text,true,,614,219,1,1,https://reqres.in/api/users/2,610,0,183
1539227896272,408,1 - Get all the users details,200,OK,Thread Group 1-5,text,true,,979,180,1,1,https://reqres.in/api/users?page=2,408,0,168
