1539227855045,4650,1 - Get all the users details,200,OK,Thread Group 1-1,text,true,,979,180,1,1,4650,0,4212
1539227859717,612,2 - Add a new user with job leader,201,Created,Thread Group 1-1,text,true,,623,212,1,1,612,0,203
1539227860333,613,3 - Get the second  user details,200,OK,Thread Group 1-1,text,true,,672,175,1,1,612,0,202
1539227860950,577,4 - Update the second user details with new job,200,OK,Thread Group 1-1,text,true,,614,219,1,1,577,0,170
1539227861532,600,1 - Get all the users details,200,OK,Thread Group 1-1,text,true,,979,180,1,1,600,0,166
1539227863900,417,2 - Add a new user with job leader,201,Created,Thread Group 1-2,text,true,,622,212,1,1,417,0,188
1539227864322,602,3 - Get the second  user details,200,OK,Thread Group 1-2,text,true,,672,175,1,1,602,0,184
1539227864929,627,4 - Update the second user details with new job,200,OK,Thread Group 1-2,text,true,,614,219,1,1,627,0,217
1539227865561,573,1 - Get all the users details,200,OK,Thread Group 1-2,text,true,,979,180,1,1,573,0,165
1539227866137,633,2 - Add a new user with job leader,201,Created,Thread Group 1-2,text,true,,623,212,1,1,633,0,187
1539227873867,598,3 - Get the second  user details,200,OK,Thread Group 1-3,text,true,,672,175,1,1,598,0,182
1539227874469,579,4 - Update the second user details with new job,200,OK,Thread Group 1-3,text,true,,614,219,1,1,579,0,174
1539227875058,609,1 - Get all the users details,200,OK,Thread Group 1-3,text,true,,979,180,1,1,608,0,203
1539227875671,598,2 - Add a new user with job leader,201,Created,Thread Group 1-3,text,true,,623,212,1,1,598,0,167
1539227876276,581,3 - Get the second  user details,200,OK,Thread Group 1-3,text,true,,672,175,1,1,580,0,176
1539227883886,598,4 - Update the second user details with new job,200,OK,Thread Group 1-4,text,true,,614,219,1,1,598,0,183
1539227884489,405,1 - Get all the users details,200,OK,Thread Group 1-4,text,true,,979,180,1,1,405,0,172
1539227884897,585,2 - Add a new user with job leader,201,Created,Thread Group 1-4,text,true,,622,212,1,1,585,0,171
1539227885485,604,3 - Get the second  user details,200,OK,Thread Group 1-4,text,true,,672,175,1,1,604,0,179
1539227886092,588,4 - Update the second user details with new job,200,OK,Thread Group 1-4,text,true,,614,219,1,1,587,0,172
1539227893877,596,1 - Get all the users details,200,OK,Thread Group 1-5,text,true,,979,180,1,1,596,0,310
1539227894476,726,2 - Add a new user with job leader,201,Created,Thread Group 1-5,text,true,,623,212,1,1,726,0,295
1539227895206,445,3 - Get the second  user details,200,OK,Thread Group 1-5,text,true,,672,175,1,1,445,0,193
1539227895655,610,4 - Update the second user details with new job,200,OK,Thread Group 1-5,text,true,,614,219,1,1,610,0,183
1539227896272,408,1 - Get all the users details,200,OK,Thread Group 1-5,text,true,,979,180,1,1,408,0,168
